{
"lengthUnit": "mil",
"components": {
	"fields": ["COMPONENT_NO", "COMPONENT_NAME", "LAYER", "X_COORDINATE", "Y_COORDINATE", "ANGLE"],
	"rows": [
		[1, "H3", "T", 3015, -681.25, 0],
		[2, "H4", "T", 3015, -927.5, 0],
		[3, "H5", "T", 3015, -220, 0],
		[4, "H6", "T", 3015, -1168.75, 0],
		[5, "H7", "T", 3010, -1395, 0],
		[6, "H8", "T", 3015, -440, 0],
		[7, "MPU6050", "T", 2556.46, -1953.23, 270],
		[8, "OLED1", "T", 3100, -2667.17, 0],
		[9, "P2", "T", 850, -164.21, 0],
		[10, "TB6122a", "T", 2280.55, -988.13, 90],
		[11, "TB6122aN1", "T", 1679.76, -988.13, 90],
		[12, "TB6122b", "T", 1258.29, -988.13, 90],
		[13, "TB6122bN1", "T", 657.5, -988.13, 90],
		[14, "U1", "T", 690, -2310, 270],
		[15, "U2", "T", 2178.19, -2310, 270],
		[16, "U7", "T", 3600, -1040, 90],
		[17, "U8", "T", 335, -1040, 270],
		[18, "U9", "T", 335, -2025, 270],
		[19, "U10", "T", 3600, -2025, 90]
	]
},
"pins": {
	"fields": ["PIN_NO", "PIN_NAME", "PIN_X", "PIN_Y", "LAYER", "PIN_TYPE", "NET_NAME", "NET_TYPE", "PAD_SHAPE", "PAD_SIZEX", "PAD_SIZEY", "HOLE_SIZE", "PAD_ANGLE"],
	"rows": [
		[1, "H3_1", 2815, -681.25, "T", "DIP", "PB11", "", "R", 62, 62, 40.16, 0],
		[2, "H3_1", 2815, -681.25, "B", "DIP", "PB11", "", "R", 62, 62, 40.16, 0],
		[3, "H3_2", 2915, -681.25, "T", "DIP", "PB12/CS", "", "C", 62, 62, 40.16, 0],
		[4, "H3_2", 2915, -681.25, "B", "DIP", "PB12/CS", "", "C", 62, 62, 40.16, 0],
		[5, "H3_3", 3015, -681.25, "T", "DIP", "PB13/SCL", "", "C", 62, 62, 40.16, 0],
		[6, "H3_3", 3015, -681.25, "B", "DIP", "PB13/SCL", "", "C", 62, 62, 40.16, 0],
		[7, "H3_4", 3115, -681.25, "T", "DIP", "PB14/SDO", "", "C", 62, 62, 40.16, 0],
		[8, "H3_4", 3115, -681.25, "B", "DIP", "PB14/SDO", "", "C", 62, 62, 40.16, 0],
		[9, "H3_5", 3215, -681.25, "T", "DIP", "PB15/SDI", "", "C", 62, 62, 40.16, 0],
		[10, "H3_5", 3215, -681.25, "B", "DIP", "PB15/SDI", "", "C", 62, 62, 40.16, 0],
		[11, "H4_1", 2815, -927.5, "T", "DIP", "PC10", "", "R", 62, 62, 40.16, 0],
		[12, "H4_1", 2815, -927.5, "B", "DIP", "PC10", "", "R", 62, 62, 40.16, 0],
		[13, "H4_2", 2915, -927.5, "T", "DIP", "PC11", "", "C", 62, 62, 40.16, 0],
		[14, "H4_2", 2915, -927.5, "B", "DIP", "PC11", "", "C", 62, 62, 40.16, 0],
		[15, "H4_3", 3015, -927.5, "T", "DIP", "PC13", "", "C", 62, 62, 40.16, 0],
		[16, "H4_3", 3015, -927.5, "B", "DIP", "PC13", "", "C", 62, 62, 40.16, 0],
		[17, "H4_4", 3115, -927.5, "T", "DIP", "PC14", "", "C", 62, 62, 40.16, 0],
		[18, "H4_4", 3115, -927.5, "B", "DIP", "PC14", "", "C", 62, 62, 40.16, 0],
		[19, "H4_5", 3215, -927.5, "T", "DIP", "PC15", "", "C", 62, 62, 40.16, 0],
		[20, "H4_5", 3215, -927.5, "B", "DIP", "PC15", "", "C", 62, 62, 40.16, 0],
		[21, "H5_1", 2815, -220, "T", "DIP", "PA3", "", "R", 62, 62, 40.16, 0],
		[22, "H5_1", 2815, -220, "B", "DIP", "PA3", "", "R", 62, 62, 40.16, 0],
		[23, "H5_2", 2915, -220, "T", "DIP", "PA2", "", "C", 62, 62, 40.16, 0],
		[24, "H5_2", 2915, -220, "B", "DIP", "PA2", "", "C", 62, 62, 40.16, 0],
		[25, "H5_3", 3015, -220, "T", "DIP", "PA5", "", "C", 62, 62, 40.16, 0],
		[26, "H5_3", 3015, -220, "B", "DIP", "PA5", "", "C", 62, 62, 40.16, 0],
		[27, "H5_4", 3115, -220, "T", "DIP", "PA4", "", "C", 62, 62, 40.16, 0],
		[28, "H5_4", 3115, -220, "B", "DIP", "PA4", "", "C", 62, 62, 40.16, 0],
		[29, "H5_5", 3215, -220, "T", "DIP", "GND", "GND", "C", 62, 62, 40.16, 0],
		[30, "H5_5", 3215, -220, "B", "DIP", "GND", "GND", "C", 62, 62, 40.16, 0],
		[31, "H6_1", 2815, -1168.75, "T", "DIP", "PA7", "", "R", 62, 62, 40.16, 0],
		[32, "H6_1", 2815, -1168.75, "B", "DIP", "PA7", "", "R", 62, 62, 40.16, 0],
		[33, "H6_2", 2915, -1168.75, "T", "DIP", "PA6", "", "C", 62, 62, 40.16, 0],
		[34, "H6_2", 2915, -1168.75, "B", "DIP", "PA6", "", "C", 62, 62, 40.16, 0],
		[35, "H6_3", 3015, -1168.75, "T", "DIP", "PA8", "", "C", 62, 62, 40.16, 0],
		[36, "H6_3", 3015, -1168.75, "B", "DIP", "PA8", "", "C", 62, 62, 40.16, 0],
		[37, "H6_4", 3115, -1168.75, "T", "DIP", "PA9//TXD1", "", "C", 62, 62, 40.16, 0],
		[38, "H6_4", 3115, -1168.75, "B", "DIP", "PA9//TXD1", "", "C", 62, 62, 40.16, 0],
		[39, "H6_5", 3215, -1168.75, "T", "DIP", "PA10//RDX1", "", "C", 62, 62, 40.16, 0],
		[40, "H6_5", 3215, -1168.75, "B", "DIP", "PA10//RDX1", "", "C", 62, 62, 40.16, 0],
		[41, "H7_1", 2810, -1395, "T", "DIP", "PD2", "", "R", 62, 62, 40.16, 0],
		[42, "H7_1", 2810, -1395, "B", "DIP", "PD2", "", "R", 62, 62, 40.16, 0],
		[43, "H7_2", 2910, -1395, "T", "DIP", "PB10", "", "C", 62, 62, 40.16, 0],
		[44, "H7_2", 2910, -1395, "B", "DIP", "PB10", "", "C", 62, 62, 40.16, 0],
		[45, "H7_3", 3010, -1395, "T", "DIP", "PB2", "", "C", 62, 62, 40.16, 0],
		[46, "H7_3", 3010, -1395, "B", "DIP", "PB2", "", "C", 62, 62, 40.16, 0],
		[47, "H7_4", 3110, -1395, "T", "DIP", "PB1", "", "C", 62, 62, 40.16, 0],
		[48, "H7_4", 3110, -1395, "B", "DIP", "PB1", "", "C", 62, 62, 40.16, 0],
		[49, "H7_5", 3210, -1395, "T", "DIP", "PB0", "", "C", 62, 62, 40.16, 0],
		[50, "H7_5", 3210, -1395, "B", "DIP", "PB0", "", "C", 62, 62, 40.16, 0],
		[51, "H8_1", 2815, -440, "T", "DIP", "GND", "GND", "R", 62, 62, 40.16, 0],
		[52, "H8_1", 2815, -440, "B", "DIP", "GND", "GND", "R", 62, 62, 40.16, 0],
		[53, "H8_2", 2915, -440, "T", "DIP", "GND", "GND", "C", 62, 62, 40.16, 0],
		[54, "H8_2", 2915, -440, "B", "DIP", "GND", "GND", "C", 62, 62, 40.16, 0],
		[55, "H8_3", 3015, -440, "T", "DIP", "+3.3V", "", "C", 62, 62, 40.16, 0],
		[56, "H8_3", 3015, -440, "B", "DIP", "+3.3V", "", "C", 62, 62, 40.16, 0],
		[57, "H8_4", 3115, -440, "T", "DIP", "+5V", "", "C", 62, 62, 40.16, 0],
		[58, "H8_4", 3115, -440, "B", "DIP", "+5V", "", "C", 62, 62, 40.16, 0],
		[59, "H8_5", 3215, -440, "T", "DIP", "+12V", "", "C", 62, 62, 40.16, 0],
		[60, "H8_5", 3215, -440, "B", "DIP", "+12V", "", "C", 62, 62, 40.16, 0],
		[61, "MPU6050_1", 2556.46, -1653.23, "T", "DIP", "+5V", "", "R", 62, 62, 35, 270],
		[62, "MPU6050_1", 2556.46, -1653.23, "B", "DIP", "+5V", "", "R", 62, 62, 35, 270],
		[63, "MPU6050_2", 2556.46, -1753.23, "T", "DIP", "GND", "GND", "C", 62, 62, 35, 270],
		[64, "MPU6050_2", 2556.46, -1753.23, "B", "DIP", "GND", "GND", "C", 62, 62, 35, 270],
		[65, "MPU6050_3", 2556.46, -1853.23, "T", "DIP", "PB8", "", "C", 62, 62, 35, 270],
		[66, "MPU6050_3", 2556.46, -1853.23, "B", "DIP", "PB8", "", "C", 62, 62, 35, 270],
		[67, "MPU6050_4", 2556.46, -1953.23, "T", "DIP", "PB9", "", "C", 62, 62, 35, 270],
		[68, "MPU6050_4", 2556.46, -1953.23, "B", "DIP", "PB9", "", "C", 62, 62, 35, 270],
		[69, "MPU6050_5", 2556.46, -2053.23, "T", "DIP", "MPU6050_5", "", "C", 62, 62, 35, 270],
		[70, "MPU6050_5", 2556.46, -2053.23, "B", "DIP", "MPU6050_5", "", "C", 62, 62, 35, 270],
		[71, "MPU6050_6", 2556.46, -2153.23, "T", "DIP", "MPU6050_6", "", "C", 62, 62, 35, 270],
		[72, "MPU6050_6", 2556.46, -2153.23, "B", "DIP", "MPU6050_6", "", "C", 62, 62, 35, 270],
		[73, "MPU6050_7", 2556.46, -2253.23, "T", "DIP", "MPU6050_7", "", "C", 62, 62, 35, 270],
		[74, "MPU6050_7", 2556.46, -2253.23, "B", "DIP", "MPU6050_7", "", "C", 62, 62, 35, 270],
		[75, "MPU6050_8", 2556.46, -2353.23, "T", "DIP", "PC12", "", "C", 62, 62, 35, 270],
		[76, "MPU6050_8", 2556.46, -2353.23, "B", "DIP", "PC12", "", "C", 62, 62, 35, 270],
		[77, "OLED1_1", 2950, -2667.17, "T", "DIP", "GND", "GND", "R", 62, 62, 35, 360],
		[78, "OLED1_1", 2950, -2667.17, "B", "DIP", "GND", "GND", "R", 62, 62, 35, 360],
		[79, "OLED1_2", 3050, -2667.17, "T", "DIP", "+5V", "", "C", 62, 62, 35, 360],
		[80, "OLED1_2", 3050, -2667.17, "B", "DIP", "+5V", "", "C", 62, 62, 35, 360],
		[81, "OLED1_3", 3150, -2667.17, "T", "DIP", "PB8", "", "C", 62, 62, 35, 360],
		[82, "OLED1_3", 3150, -2667.17, "B", "DIP", "PB8", "", "C", 62, 62, 35, 360],
		[83, "OLED1_4", 3250, -2667.17, "T", "DIP", "PB9", "", "C", 62, 62, 35, 360],
		[84, "OLED1_4", 3250, -2667.17, "B", "DIP", "PB9", "", "C", 62, 62, 35, 360],
		[85, "P2_1", 600, -164.21, "T", "DIP", "+12V", "", "R", 70.87, 70.87, 40.16, 0],
		[86, "P2_1", 600, -164.21, "B", "DIP", "+12V", "", "R", 70.87, 70.87, 40.16, 0],
		[87, "P2_2", 700, -164.21, "T", "DIP", "GND", "GND", "C", 62.99, 62.99, 40.16, 0],
		[88, "P2_2", 700, -164.21, "B", "DIP", "GND", "GND", "C", 62.99, 62.99, 40.16, 0],
		[89, "P2_3", 800, -164.21, "T", "DIP", "+5V", "", "C", 62.99, 62.99, 40.16, 0],
		[90, "P2_3", 800, -164.21, "B", "DIP", "+5V", "", "C", 62.99, 62.99, 40.16, 0],
		[91, "P2_4", 900, -164.21, "T", "DIP", "GND", "GND", "C", 62.99, 62.99, 40.16, 0],
		[92, "P2_4", 900, -164.21, "B", "DIP", "GND", "GND", "C", 62.99, 62.99, 40.16, 0],
		[93, "P2_5", 1000, -164.21, "T", "DIP", "+3.3V", "", "C", 62.99, 62.99, 40.16, 0],
		[94, "P2_5", 1000, -164.21, "B", "DIP", "+3.3V", "", "C", 62.99, 62.99, 40.16, 0],
		[95, "P2_6", 1100, -164.21, "T", "DIP", "GND", "GND", "C", 62.99, 62.99, 40.16, 0],
		[96, "P2_6", 1100, -164.21, "B", "DIP", "GND", "GND", "C", 62.99, 62.99, 40.16, 0],
		[97, "TB6122a_1", 2280.55, -1288.13, "T", "DIP", "+12V", "", "R", 62, 62, 35, 90],
		[98, "TB6122a_1", 2280.55, -1288.13, "B", "DIP", "+12V", "", "R", 62, 62, 35, 90],
		[99, "TB6122a_2", 2280.55, -1188.13, "T", "DIP", "+5V", "", "C", 62, 62, 35, 90],
		[100, "TB6122a_2", 2280.55, -1188.13, "B", "DIP", "+5V", "", "C", 62, 62, 35, 90],
		[101, "TB6122a_3", 2280.55, -1088.13, "T", "DIP", "GND", "GND", "C", 62, 62, 35, 90],
		[102, "TB6122a_3", 2280.55, -1088.13, "B", "DIP", "GND", "GND", "C", 62, 62, 35, 90],
		[103, "TB6122a_4", 2280.55, -988.13, "T", "DIP", "AO1A", "", "C", 62, 62, 35, 90],
		[104, "TB6122a_4", 2280.55, -988.13, "B", "DIP", "AO1A", "", "C", 62, 62, 35, 90],
		[105, "TB6122a_5", 2280.55, -888.13, "T", "DIP", "AO2A", "", "C", 62, 62, 35, 90],
		[106, "TB6122a_5", 2280.55, -888.13, "B", "DIP", "AO2A", "", "C", 62, 62, 35, 90],
		[107, "TB6122a_6", 2280.55, -788.13, "T", "DIP", "BO2A", "", "C", 62, 62, 35, 90],
		[108, "TB6122a_6", 2280.55, -788.13, "B", "DIP", "BO2A", "", "C", 62, 62, 35, 90],
		[109, "TB6122a_7", 2280.55, -688.13, "T", "DIP", "BO1A", "", "C", 62, 62, 35, 90],
		[110, "TB6122a_7", 2280.55, -688.13, "B", "DIP", "BO1A", "", "C", 62, 62, 35, 90],
		[111, "TB6122a_8", 2280.55, -588.13, "T", "DIP", "GND", "GND", "C", 62, 62, 35, 90],
		[112, "TB6122a_8", 2280.55, -588.13, "B", "DIP", "GND", "GND", "C", 62, 62, 35, 90],
		[113, "TB6122aN1_1", 1679.76, -1288.13, "T", "DIP", "PC6/RS", "", "R", 62, 62, 35, 90],
		[114, "TB6122aN1_1", 1679.76, -1288.13, "B", "DIP", "PC6/RS", "", "R", 62, 62, 35, 90],
		[115, "TB6122aN1_2", 1679.76, -1188.13, "T", "DIP", "PC5", "", "C", 62, 62, 35, 90],
		[116, "TB6122aN1_2", 1679.76, -1188.13, "B", "DIP", "PC5", "", "C", 62, 62, 35, 90],
		[117, "TB6122aN1_3", 1679.76, -1088.13, "T", "DIP", "PC4", "", "C", 62, 62, 35, 90],
		[118, "TB6122aN1_3", 1679.76, -1088.13, "B", "DIP", "PC4", "", "C", 62, 62, 35, 90],
		[119, "TB6122aN1_4", 1679.76, -988.13, "T", "DIP", "TB6122aN1_4", "", "C", 62, 62, 35, 90],
		[120, "TB6122aN1_4", 1679.76, -988.13, "B", "DIP", "TB6122aN1_4", "", "C", 62, 62, 35, 90],
		[121, "TB6122aN1_5", 1679.76, -888.13, "T", "DIP", "PC2", "", "C", 62, 62, 35, 90],
		[122, "TB6122aN1_5", 1679.76, -888.13, "B", "DIP", "PC2", "", "C", 62, 62, 35, 90],
		[123, "TB6122aN1_6", 1679.76, -788.13, "T", "DIP", "PC3", "", "C", 62, 62, 35, 90],
		[124, "TB6122aN1_6", 1679.76, -788.13, "B", "DIP", "PC3", "", "C", 62, 62, 35, 90],
		[125, "TB6122aN1_7", 1679.76, -688.13, "T", "DIP", "PC7/BLK", "", "C", 62, 62, 35, 90],
		[126, "TB6122aN1_7", 1679.76, -688.13, "B", "DIP", "PC7/BLK", "", "C", 62, 62, 35, 90],
		[127, "TB6122aN1_8", 1679.76, -588.13, "T", "DIP", "GND", "GND", "C", 62, 62, 35, 90],
		[128, "TB6122aN1_8", 1679.76, -588.13, "B", "DIP", "GND", "GND", "C", 62, 62, 35, 90],
		[129, "TB6122b_1", 1258.29, -1288.13, "T", "DIP", "+12V", "", "R", 62, 62, 35, 90],
		[130, "TB6122b_1", 1258.29, -1288.13, "B", "DIP", "+12V", "", "R", 62, 62, 35, 90],
		[131, "TB6122b_2", 1258.29, -1188.13, "T", "DIP", "+5V", "", "C", 62, 62, 35, 90],
		[132, "TB6122b_2", 1258.29, -1188.13, "B", "DIP", "+5V", "", "C", 62, 62, 35, 90],
		[133, "TB6122b_3", 1258.29, -1088.13, "T", "DIP", "GND", "GND", "C", 62, 62, 35, 90],
		[134, "TB6122b_3", 1258.29, -1088.13, "B", "DIP", "GND", "GND", "C", 62, 62, 35, 90],
		[135, "TB6122b_4", 1258.29, -988.13, "T", "DIP", "AO1B", "", "C", 62, 62, 35, 90],
		[136, "TB6122b_4", 1258.29, -988.13, "B", "DIP", "AO1B", "", "C", 62, 62, 35, 90],
		[137, "TB6122b_5", 1258.29, -888.13, "T", "DIP", "AO2B", "", "C", 62, 62, 35, 90],
		[138, "TB6122b_5", 1258.29, -888.13, "B", "DIP", "AO2B", "", "C", 62, 62, 35, 90],
		[139, "TB6122b_6", 1258.29, -788.13, "T", "DIP", "BO1B", "", "C", 62, 62, 35, 90],
		[140, "TB6122b_6", 1258.29, -788.13, "B", "DIP", "BO1B", "", "C", 62, 62, 35, 90],
		[141, "TB6122b_7", 1258.29, -688.13, "T", "DIP", "BO2B", "", "C", 62, 62, 35, 90],
		[142, "TB6122b_7", 1258.29, -688.13, "B", "DIP", "BO2B", "", "C", 62, 62, 35, 90],
		[143, "TB6122b_8", 1258.29, -588.13, "T", "DIP", "GND", "GND", "C", 62, 62, 35, 90],
		[144, "TB6122b_8", 1258.29, -588.13, "B", "DIP", "GND", "GND", "C", 62, 62, 35, 90],
		[145, "TB6122bN1_1", 657.5, -1288.13, "T", "DIP", "PC8", "", "R", 62, 62, 35, 90],
		[146, "TB6122bN1_1", 657.5, -1288.13, "B", "DIP", "PC8", "", "R", 62, 62, 35, 90],
		[147, "TB6122bN1_2", 657.5, -1188.13, "T", "DIP", "PC1", "", "C", 62, 62, 35, 90],
		[148, "TB6122bN1_2", 657.5, -1188.13, "B", "DIP", "PC1", "", "C", 62, 62, 35, 90],
		[149, "TB6122bN1_3", 657.5, -1088.13, "T", "DIP", "PC0", "", "C", 62, 62, 35, 90],
		[150, "TB6122bN1_3", 657.5, -1088.13, "B", "DIP", "PC0", "", "C", 62, 62, 35, 90],
		[151, "TB6122bN1_4", 657.5, -988.13, "T", "DIP", "TB6122bN1_4", "", "C", 62, 62, 35, 90],
		[152, "TB6122bN1_4", 657.5, -988.13, "B", "DIP", "TB6122bN1_4", "", "C", 62, 62, 35, 90],
		[153, "TB6122bN1_5", 657.5, -888.13, "T", "DIP", "PA11/USBD-", "", "C", 62, 62, 35, 90],
		[154, "TB6122bN1_5", 657.5, -888.13, "B", "DIP", "PA11/USBD-", "", "C", 62, 62, 35, 90],
		[155, "TB6122bN1_6", 657.5, -788.13, "T", "DIP", "PA12/USBD+", "", "C", 62, 62, 35, 90],
		[156, "TB6122bN1_6", 657.5, -788.13, "B", "DIP", "PA12/USBD+", "", "C", 62, 62, 35, 90],
		[157, "TB6122bN1_7", 657.5, -688.13, "T", "DIP", "PC9", "", "C", 62, 62, 35, 90],
		[158, "TB6122bN1_7", 657.5, -688.13, "B", "DIP", "PC9", "", "C", 62, 62, 35, 90],
		[159, "TB6122bN1_8", 657.5, -588.13, "T", "DIP", "GND", "GND", "C", 62, 62, 35, 90],
		[160, "TB6122bN1_8", 657.5, -588.13, "B", "DIP", "GND", "GND", "C", 62, 62, 35, 90],
		[161, "U1_1", 640, -1610, "T", "DIP", "+5V", "", "R", 66.93, 66.93, 40.16, 270],
		[162, "U1_1", 640, -1610, "B", "DIP", "+5V", "", "R", 66.93, 66.93, 40.16, 270],
		[163, "U1_2", 740, -1610, "T", "DIP", "+5V", "", "C", 66.93, 66.93, 40.16, 270],
		[164, "U1_2", 740, -1610, "B", "DIP", "+5V", "", "C", 66.93, 66.93, 40.16, 270],
		[165, "U1_3", 640, -1710, "T", "DIP", "GND", "GND", "C", 66.93, 66.93, 40.16, 270],
		[166, "U1_3", 640, -1710, "B", "DIP", "GND", "GND", "C", 66.93, 66.93, 40.16, 270],
		[167, "U1_4", 740, -1710, "T", "DIP", "GND", "GND", "C", 66.93, 66.93, 40.16, 270],
		[168, "U1_4", 740, -1710, "B", "DIP", "GND", "GND", "C", 66.93, 66.93, 40.16, 270],
		[169, "U1_5", 640, -1810, "T", "DIP", "GND", "GND", "C", 66.93, 66.93, 40.16, 270],
		[170, "U1_5", 640, -1810, "B", "DIP", "GND", "GND", "C", 66.93, 66.93, 40.16, 270],
		[171, "U1_6", 740, -1810, "T", "DIP", "PB12/CS", "", "C", 66.93, 66.93, 40.16, 270],
		[172, "U1_6", 740, -1810, "B", "DIP", "PB12/CS", "", "C", 66.93, 66.93, 40.16, 270],
		[173, "U1_7", 640, -1910, "T", "DIP", "PB14/SDO", "", "C", 66.93, 66.93, 40.16, 270],
		[174, "U1_7", 640, -1910, "B", "DIP", "PB14/SDO", "", "C", 66.93, 66.93, 40.16, 270],
		[175, "U1_8", 740, -1910, "T", "DIP", "PB13/SCL", "", "C", 66.93, 66.93, 40.16, 270],
		[176, "U1_8", 740, -1910, "B", "DIP", "PB13/SCL", "", "C", 66.93, 66.93, 40.16, 270],
		[177, "U1_9", 640, -2010, "T", "DIP", "PC6/RS", "", "C", 66.93, 66.93, 40.16, 270],
		[178, "U1_9", 640, -2010, "B", "DIP", "PC6/RS", "", "C", 66.93, 66.93, 40.16, 270],
		[179, "U1_10", 740, -2010, "T", "DIP", "PB15/SDI", "", "C", 66.93, 66.93, 40.16, 270],
		[180, "U1_10", 740, -2010, "B", "DIP", "PB15/SDI", "", "C", 66.93, 66.93, 40.16, 270],
		[181, "U1_11", 640, -2110, "T", "DIP", "PC8", "", "C", 66.93, 66.93, 40.16, 270],
		[182, "U1_11", 640, -2110, "B", "DIP", "PC8", "", "C", 66.93, 66.93, 40.16, 270],
		[183, "U1_12", 740, -2110, "T", "DIP", "PC7/BLK", "", "C", 66.93, 66.93, 40.16, 270],
		[184, "U1_12", 740, -2110, "B", "DIP", "PC7/BLK", "", "C", 66.93, 66.93, 40.16, 270],
		[185, "U1_13", 640, -2210, "T", "DIP", "PA8", "", "C", 66.93, 66.93, 40.16, 270],
		[186, "U1_13", 640, -2210, "B", "DIP", "PA8", "", "C", 66.93, 66.93, 40.16, 270],
		[187, "U1_14", 740, -2210, "T", "DIP", "PC9", "", "C", 66.93, 66.93, 40.16, 270],
		[188, "U1_14", 740, -2210, "B", "DIP", "PC9", "", "C", 66.93, 66.93, 40.16, 270],
		[189, "U1_15", 640, -2310, "T", "DIP", "PA10//RDX1", "", "C", 66.93, 66.93, 40.16, 270],
		[190, "U1_15", 640, -2310, "B", "DIP", "PA10//RDX1", "", "C", 66.93, 66.93, 40.16, 270],
		[191, "U1_16", 740, -2310, "T", "DIP", "PA9//TXD1", "", "C", 66.93, 66.93, 40.16, 270],
		[192, "U1_16", 740, -2310, "B", "DIP", "PA9//TXD1", "", "C", 66.93, 66.93, 40.16, 270],
		[193, "U1_17", 640, -2410, "T", "DIP", "PA12/USBD+", "", "C", 66.93, 66.93, 40.16, 270],
		[194, "U1_17", 640, -2410, "B", "DIP", "PA12/USBD+", "", "C", 66.93, 66.93, 40.16, 270],
		[195, "U1_18", 740, -2410, "T", "DIP", "PA11/USBD-", "", "C", 66.93, 66.93, 40.16, 270],
		[196, "U1_18", 740, -2410, "B", "DIP", "PA11/USBD-", "", "C", 66.93, 66.93, 40.16, 270],
		[197, "U1_19", 640, -2510, "T", "DIP", "PC10", "", "C", 66.93, 66.93, 40.16, 270],
		[198, "U1_19", 640, -2510, "B", "DIP", "PC10", "", "C", 66.93, 66.93, 40.16, 270],
		[199, "U1_20", 740, -2510, "T", "DIP", "PA15", "", "C", 66.93, 66.93, 40.16, 270],
		[200, "U1_20", 740, -2510, "B", "DIP", "PA15", "", "C", 66.93, 66.93, 40.16, 270],
		[201, "U1_21", 640, -2610, "T", "DIP", "PC12", "", "C", 66.93, 66.93, 40.16, 270],
		[202, "U1_21", 640, -2610, "B", "DIP", "PC12", "", "C", 66.93, 66.93, 40.16, 270],
		[203, "U1_22", 740, -2610, "T", "DIP", "PC11", "", "C", 66.93, 66.93, 40.16, 270],
		[204, "U1_22", 740, -2610, "B", "DIP", "PC11", "", "C", 66.93, 66.93, 40.16, 270],
		[205, "U1_23", 640, -2710, "T", "DIP", "PB3", "", "C", 66.93, 66.93, 40.16, 270],
		[206, "U1_23", 640, -2710, "B", "DIP", "PB3", "", "C", 66.93, 66.93, 40.16, 270],
		[207, "U1_24", 740, -2710, "T", "DIP", "PD2", "", "C", 66.93, 66.93, 40.16, 270],
		[208, "U1_24", 740, -2710, "B", "DIP", "PD2", "", "C", 66.93, 66.93, 40.16, 270],
		[209, "U1_25", 640, -2810, "T", "DIP", "PB5", "", "C", 66.93, 66.93, 40.16, 270],
		[210, "U1_25", 640, -2810, "B", "DIP", "PB5", "", "C", 66.93, 66.93, 40.16, 270],
		[211, "U1_26", 740, -2810, "T", "DIP", "PB4", "", "C", 66.93, 66.93, 40.16, 270],
		[212, "U1_26", 740, -2810, "B", "DIP", "PB4", "", "C", 66.93, 66.93, 40.16, 270],
		[213, "U1_27", 640, -2910, "T", "DIP", "PB7", "", "C", 66.93, 66.93, 40.16, 270],
		[214, "U1_27", 640, -2910, "B", "DIP", "PB7", "", "C", 66.93, 66.93, 40.16, 270],
		[215, "U1_28", 740, -2910, "T", "DIP", "PB6", "", "C", 66.93, 66.93, 40.16, 270],
		[216, "U1_28", 740, -2910, "B", "DIP", "PB6", "", "C", 66.93, 66.93, 40.16, 270],
		[217, "U1_29", 640, -3010, "T", "DIP", "PB9", "", "C", 66.93, 66.93, 40.16, 270],
		[218, "U1_29", 640, -3010, "B", "DIP", "PB9", "", "C", 66.93, 66.93, 40.16, 270],
		[219, "U1_30", 740, -3010, "T", "DIP", "PB8", "", "C", 66.93, 66.93, 40.16, 270],
		[220, "U1_30", 740, -3010, "B", "DIP", "PB8", "", "C", 66.93, 66.93, 40.16, 270],
		[221, "U2_1", 2128.19, -1610, "T", "DIP", "+3.3V", "", "R", 66.93, 66.93, 40.16, 270],
		[222, "U2_1", 2128.19, -1610, "B", "DIP", "+3.3V", "", "R", 66.93, 66.93, 40.16, 270],
		[223, "U2_2", 2228.19, -1610, "T", "DIP", "+3.3V", "", "C", 66.93, 66.93, 40.16, 270],
		[224, "U2_2", 2228.19, -1610, "B", "DIP", "+3.3V", "", "C", 66.93, 66.93, 40.16, 270],
		[225, "U2_3", 2128.19, -1710, "T", "DIP", "+3.3V", "", "C", 66.93, 66.93, 40.16, 270],
		[226, "U2_3", 2128.19, -1710, "B", "DIP", "+3.3V", "", "C", 66.93, 66.93, 40.16, 270],
		[227, "U2_4", 2228.19, -1710, "T", "DIP", "+3.3V", "", "C", 66.93, 66.93, 40.16, 270],
		[228, "U2_4", 2228.19, -1710, "B", "DIP", "+3.3V", "", "C", 66.93, 66.93, 40.16, 270],
		[229, "U2_5", 2128.19, -1810, "T", "DIP", "GND", "GND", "C", 66.93, 66.93, 40.16, 270],
		[230, "U2_5", 2128.19, -1810, "B", "DIP", "GND", "GND", "C", 66.93, 66.93, 40.16, 270],
		[231, "U2_6", 2228.19, -1810, "T", "DIP", "GND", "GND", "C", 66.93, 66.93, 40.16, 270],
		[232, "U2_6", 2228.19, -1810, "B", "DIP", "GND", "GND", "C", 66.93, 66.93, 40.16, 270],
		[233, "U2_7", 2128.19, -1910, "T", "DIP", "PB10", "", "C", 66.93, 66.93, 40.16, 270],
		[234, "U2_7", 2128.19, -1910, "B", "DIP", "PB10", "", "C", 66.93, 66.93, 40.16, 270],
		[235, "U2_8", 2228.19, -1910, "T", "DIP", "PB11", "", "C", 66.93, 66.93, 40.16, 270],
		[236, "U2_8", 2228.19, -1910, "B", "DIP", "PB11", "", "C", 66.93, 66.93, 40.16, 270],
		[237, "U2_9", 2128.19, -2010, "T", "DIP", "PB2", "", "C", 66.93, 66.93, 40.16, 270],
		[238, "U2_9", 2128.19, -2010, "B", "DIP", "PB2", "", "C", 66.93, 66.93, 40.16, 270],
		[239, "U2_10", 2228.19, -2010, "T", "DIP", "PB1", "", "C", 66.93, 66.93, 40.16, 270],
		[240, "U2_10", 2228.19, -2010, "B", "DIP", "PB1", "", "C", 66.93, 66.93, 40.16, 270],
		[241, "U2_11", 2128.19, -2110, "T", "DIP", "PB0", "", "C", 66.93, 66.93, 40.16, 270],
		[242, "U2_11", 2128.19, -2110, "B", "DIP", "PB0", "", "C", 66.93, 66.93, 40.16, 270],
		[243, "U2_12", 2228.19, -2110, "T", "DIP", "PC5", "", "C", 66.93, 66.93, 40.16, 270],
		[244, "U2_12", 2228.19, -2110, "B", "DIP", "PC5", "", "C", 66.93, 66.93, 40.16, 270],
		[245, "U2_13", 2128.19, -2210, "T", "DIP", "PC4", "", "C", 66.93, 66.93, 40.16, 270],
		[246, "U2_13", 2128.19, -2210, "B", "DIP", "PC4", "", "C", 66.93, 66.93, 40.16, 270],
		[247, "U2_14", 2228.19, -2210, "T", "DIP", "PA7", "", "C", 66.93, 66.93, 40.16, 270],
		[248, "U2_14", 2228.19, -2210, "B", "DIP", "PA7", "", "C", 66.93, 66.93, 40.16, 270],
		[249, "U2_15", 2128.19, -2310, "T", "DIP", "PA6", "", "C", 66.93, 66.93, 40.16, 270],
		[250, "U2_15", 2128.19, -2310, "B", "DIP", "PA6", "", "C", 66.93, 66.93, 40.16, 270],
		[251, "U2_16", 2228.19, -2310, "T", "DIP", "PA5", "", "C", 66.93, 66.93, 40.16, 270],
		[252, "U2_16", 2228.19, -2310, "B", "DIP", "PA5", "", "C", 66.93, 66.93, 40.16, 270],
		[253, "U2_17", 2128.19, -2410, "T", "DIP", "PA4", "", "C", 66.93, 66.93, 40.16, 270],
		[254, "U2_17", 2128.19, -2410, "B", "DIP", "PA4", "", "C", 66.93, 66.93, 40.16, 270],
		[255, "U2_18", 2228.19, -2410, "T", "DIP", "PA3", "", "C", 66.93, 66.93, 40.16, 270],
		[256, "U2_18", 2228.19, -2410, "B", "DIP", "PA3", "", "C", 66.93, 66.93, 40.16, 270],
		[257, "U2_19", 2128.19, -2510, "T", "DIP", "PA2", "", "C", 66.93, 66.93, 40.16, 270],
		[258, "U2_19", 2128.19, -2510, "B", "DIP", "PA2", "", "C", 66.93, 66.93, 40.16, 270],
		[259, "U2_20", 2228.19, -2510, "T", "DIP", "PA1", "", "C", 66.93, 66.93, 40.16, 270],
		[260, "U2_20", 2228.19, -2510, "B", "DIP", "PA1", "", "C", 66.93, 66.93, 40.16, 270],
		[261, "U2_21", 2128.19, -2610, "T", "DIP", "PA0", "", "C", 66.93, 66.93, 40.16, 270],
		[262, "U2_21", 2128.19, -2610, "B", "DIP", "PA0", "", "C", 66.93, 66.93, 40.16, 270],
		[263, "U2_22", 2228.19, -2610, "T", "DIP", "PC3", "", "C", 66.93, 66.93, 40.16, 270],
		[264, "U2_22", 2228.19, -2610, "B", "DIP", "PC3", "", "C", 66.93, 66.93, 40.16, 270],
		[265, "U2_23", 2128.19, -2710, "T", "DIP", "PC2", "", "C", 66.93, 66.93, 40.16, 270],
		[266, "U2_23", 2128.19, -2710, "B", "DIP", "PC2", "", "C", 66.93, 66.93, 40.16, 270],
		[267, "U2_24", 2228.19, -2710, "T", "DIP", "PC1", "", "C", 66.93, 66.93, 40.16, 270],
		[268, "U2_24", 2228.19, -2710, "B", "DIP", "PC1", "", "C", 66.93, 66.93, 40.16, 270],
		[269, "U2_25", 2128.19, -2810, "T", "DIP", "PC0", "", "C", 66.93, 66.93, 40.16, 270],
		[270, "U2_25", 2128.19, -2810, "B", "DIP", "PC0", "", "C", 66.93, 66.93, 40.16, 270],
		[271, "U2_26", 2228.19, -2810, "T", "DIP", "PC15", "", "C", 66.93, 66.93, 40.16, 270],
		[272, "U2_26", 2228.19, -2810, "B", "DIP", "PC15", "", "C", 66.93, 66.93, 40.16, 270],
		[273, "U2_27", 2128.19, -2910, "T", "DIP", "PC14", "", "C", 66.93, 66.93, 40.16, 270],
		[274, "U2_27", 2128.19, -2910, "B", "DIP", "PC14", "", "C", 66.93, 66.93, 40.16, 270],
		[275, "U2_28", 2228.19, -2910, "T", "DIP", "PC13", "", "C", 66.93, 66.93, 40.16, 270],
		[276, "U2_28", 2228.19, -2910, "B", "DIP", "PC13", "", "C", 66.93, 66.93, 40.16, 270],
		[277, "U2_29", 2128.19, -3010, "T", "DIP", "GND", "GND", "C", 66.93, 66.93, 40.16, 270],
		[278, "U2_29", 2128.19, -3010, "B", "DIP", "GND", "GND", "C", 66.93, 66.93, 40.16, 270],
		[279, "U2_30", 2228.19, -3010, "T", "DIP", "VBAT", "", "C", 66.93, 66.93, 40.16, 270],
		[280, "U2_30", 2228.19, -3010, "B", "DIP", "VBAT", "", "C", 66.93, 66.93, 40.16, 270],
		[281, "U7_1", 3600, -1236.85, "T", "DIP", "AO1A", "", "R", 60, 60, 36, 90],
		[282, "U7_1", 3600, -1236.85, "B", "DIP", "AO1A", "", "R", 60, 60, 36, 90],
		[283, "U7_2", 3600, -1158.11, "T", "DIP", "GND", "GND", "C", 60, 60, 36, 90],
		[284, "U7_2", 3600, -1158.11, "B", "DIP", "GND", "GND", "C", 60, 60, 36, 90],
		[285, "U7_3", 3600, -1079.37, "T", "DIP", "PB3", "", "C", 60, 60, 36, 90],
		[286, "U7_3", 3600, -1079.37, "B", "DIP", "PB3", "", "C", 60, 60, 36, 90],
		[287, "U7_4", 3600, -1000.63, "T", "DIP", "PA15", "", "C", 60, 60, 36, 90],
		[288, "U7_4", 3600, -1000.63, "B", "DIP", "PA15", "", "C", 60, 60, 36, 90],
		[289, "U7_5", 3600, -921.89, "T", "DIP", "+3.3V", "", "C", 60, 60, 36, 90],
		[290, "U7_5", 3600, -921.89, "B", "DIP", "+3.3V", "", "C", 60, 60, 36, 90],
		[291, "U7_6", 3600, -843.15, "T", "DIP", "AO2A", "", "C", 60, 60, 36, 90],
		[292, "U7_6", 3600, -843.15, "B", "DIP", "AO2A", "", "C", 60, 60, 36, 90],
		[293, "U8_1", 335, -843.15, "T", "DIP", "BO1A", "", "R", 60, 60, 36, 270],
		[294, "U8_1", 335, -843.15, "B", "DIP", "BO1A", "", "R", 60, 60, 36, 270],
		[295, "U8_2", 335, -921.89, "T", "DIP", "GND", "GND", "C", 60, 60, 36, 270],
		[296, "U8_2", 335, -921.89, "B", "DIP", "GND", "GND", "C", 60, 60, 36, 270],
		[297, "U8_3", 335, -1000.63, "T", "DIP", "PB5", "", "C", 60, 60, 36, 270],
		[298, "U8_3", 335, -1000.63, "B", "DIP", "PB5", "", "C", 60, 60, 36, 270],
		[299, "U8_4", 335, -1079.37, "T", "DIP", "PB4", "", "C", 60, 60, 36, 270],
		[300, "U8_4", 335, -1079.37, "B", "DIP", "PB4", "", "C", 60, 60, 36, 270],
		[301, "U8_5", 335, -1158.11, "T", "DIP", "+3.3V", "", "C", 60, 60, 36, 270],
		[302, "U8_5", 335, -1158.11, "B", "DIP", "+3.3V", "", "C", 60, 60, 36, 270],
		[303, "U8_6", 335, -1236.85, "T", "DIP", "BO2A", "", "C", 60, 60, 36, 270],
		[304, "U8_6", 335, -1236.85, "B", "DIP", "BO2A", "", "C", 60, 60, 36, 270],
		[305, "U9_1", 335, -1828.15, "T", "DIP", "AO1B", "", "R", 60, 60, 36, 270],
		[306, "U9_1", 335, -1828.15, "B", "DIP", "AO1B", "", "R", 60, 60, 36, 270],
		[307, "U9_2", 335, -1906.89, "T", "DIP", "GND", "GND", "C", 60, 60, 36, 270],
		[308, "U9_2", 335, -1906.89, "B", "DIP", "GND", "GND", "C", 60, 60, 36, 270],
		[309, "U9_3", 335, -1985.63, "T", "DIP", "PA1", "", "C", 60, 60, 36, 270],
		[310, "U9_3", 335, -1985.63, "B", "DIP", "PA1", "", "C", 60, 60, 36, 270],
		[311, "U9_4", 335, -2064.37, "T", "DIP", "PA0", "", "C", 60, 60, 36, 270],
		[312, "U9_4", 335, -2064.37, "B", "DIP", "PA0", "", "C", 60, 60, 36, 270],
		[313, "U9_5", 335, -2143.11, "T", "DIP", "+3.3V", "", "C", 60, 60, 36, 270],
		[314, "U9_5", 335, -2143.11, "B", "DIP", "+3.3V", "", "C", 60, 60, 36, 270],
		[315, "U9_6", 335, -2221.85, "T", "DIP", "AO2B", "", "C", 60, 60, 36, 270],
		[316, "U9_6", 335, -2221.85, "B", "DIP", "AO2B", "", "C", 60, 60, 36, 270],
		[317, "U10_1", 3600, -2221.85, "T", "DIP", "BO1B", "", "R", 60, 60, 36, 90],
		[318, "U10_1", 3600, -2221.85, "B", "DIP", "BO1B", "", "R", 60, 60, 36, 90],
		[319, "U10_2", 3600, -2143.11, "T", "DIP", "GND", "GND", "C", 60, 60, 36, 90],
		[320, "U10_2", 3600, -2143.11, "B", "DIP", "GND", "GND", "C", 60, 60, 36, 90],
		[321, "U10_3", 3600, -2064.37, "T", "DIP", "PB7", "", "C", 60, 60, 36, 90],
		[322, "U10_3", 3600, -2064.37, "B", "DIP", "PB7", "", "C", 60, 60, 36, 90],
		[323, "U10_4", 3600, -1985.63, "T", "DIP", "PB6", "", "C", 60, 60, 36, 90],
		[324, "U10_4", 3600, -1985.63, "B", "DIP", "PB6", "", "C", 60, 60, 36, 90],
		[325, "U10_5", 3600, -1906.89, "T", "DIP", "+3.3V", "", "C", 60, 60, 36, 90],
		[326, "U10_5", 3600, -1906.89, "B", "DIP", "+3.3V", "", "C", 60, 60, 36, 90],
		[327, "U10_6", 3600, -1828.15, "T", "DIP", "BO2B", "", "C", 60, 60, 36, 90],
		[328, "U10_6", 3600, -1828.15, "B", "DIP", "BO2B", "", "C", 60, 60, 36, 90]
	]
}
}